Tarih,Magaza_ID,Urun_ID,Baslangic_Stoku,Planlanan_Sevkiyat,Birim_Fiyat,Promosyon_Flag
2025-05-07,M01,U001,0.0,79.0,175.82,False
2025-05-08,M01,U001,,0.0,175.82,False
2025-05-09,M01,U001,,0.0,175.82,False
2025-05-10,M01,U001,,0.0,175.82,False
2025-05-11,M01,U001,,0.0,175.82,False
2025-05-12,M01,U001,,0.0,175.82,False
2025-05-13,M01,U001,,90.0,175.82,False
2025-05-14,M01,U001,,0.0,175.82,False
2025-05-15,M01,U001,,0.0,175.82,False
2025-05-16,M01,U001,,0.0,175.82,False
2025-05-17,M01,U001,,0.0,175.82,False
2025-05-18,M01,U001,,0.0,175.82,False
2025-05-19,M01,U001,,85.0,175.82,False
2025-05-20,M01,U001,,0.0,158.24,True
2025-05-07,M01,U002,0.0,144.0,192.33,False
2025-05-08,M01,U002,,0.0,173.1,True
2025-05-09,M01,U002,,0.0,192.33,False
2025-05-10,M01,U002,,0.0,192.33,False
2025-05-11,M01,U002,,0.0,192.33,False
2025-05-12,M01,U002,,0.0,192.33,False
2025-05-13,M01,U002,,0.0,192.33,False
2025-05-14,M01,U002,,126.0,192.33,False
2025-05-15,M01,U002,,0.0,192.33,False
2025-05-16,M01,U002,,0.0,192.33,False
2025-05-17,M01,U002,,0.0,192.33,False
2025-05-18,M01,U002,,0.0,192.33,False
2025-05-19,M01,U002,,0.0,192.33,False
2025-05-20,M01,U002,,0.0,192.33,False
2025-05-07,M01,U003,0.0,0.0,43.26,False
2025-05-08,M01,U003,,0.0,43.26,False
2025-05-09,M01,U003,,199.0,43.26,False
2025-05-10,M01,U003,,0.0,43.26,False
2025-05-11,M01,U003,,0.0,43.26,False
2025-05-12,M01,U003,,0.0,43.26,False
2025-05-13,M01,U003,,125.0,43.26,False
2025-05-14,M01,U003,,0.0,43.26,False
2025-05-15,M01,U003,,0.0,38.93,True
2025-05-16,M01,U003,,0.0,43.26,False
2025-05-17,M01,U003,,177.0,43.26,False
2025-05-18,M01,U003,,0.0,43.26,False
2025-05-19,M01,U003,,0.0,43.26,False
2025-05-20,M01,U003,,0.0,43.26,False
2025-05-07,M01,U004,116.0,0.0,173.32,False
2025-05-08,M01,U004,,0.0,173.32,False
2025-05-09,M01,U004,,0.0,173.32,False
2025-05-10,M01,U004,,0.0,173.32,False
2025-05-11,M01,U004,,128.0,173.32,False
2025-05-12,M01,U004,,0.0,173.32,False
2025-05-13,M01,U004,,0.0,173.32,False
2025-05-14,M01,U004,,0.0,173.32,False
2025-05-15,M01,U004,,0.0,173.32,False
2025-05-16,M01,U004,,118.0,173.32,False
2025-05-17,M01,U004,,0.0,138.66,True
2025-05-18,M01,U004,,0.0,173.32,False
2025-05-19,M01,U004,,0.0,173.32,False
2025-05-20,M01,U004,,0.0,173.32,False
2025-05-07,M01,U005,0.0,98.0,49.88,False
2025-05-08,M01,U005,,0.0,49.88,False
2025-05-09,M01,U005,,0.0,42.4,True
2025-05-10,M01,U005,,0.0,49.88,False
2025-05-11,M01,U005,,0.0,49.88,False
2025-05-12,M01,U005,,0.0,49.88,False
2025-05-13,M01,U005,,95.0,49.88,False
2025-05-14,M01,U005,,0.0,49.88,False
2025-05-15,M01,U005,,0.0,49.88,False
2025-05-16,M01,U005,,0.0,42.4,True
2025-05-17,M01,U005,,0.0,49.88,False
2025-05-18,M01,U005,,0.0,49.88,False
2025-05-19,M01,U005,,88.0,49.88,False
2025-05-20,M01,U005,,0.0,49.88,False
2025-05-07,M01,U006,0.0,186.0,97.21,False
2025-05-08,M01,U006,,0.0,97.21,False
2025-05-09,M01,U006,,0.0,97.21,False
2025-05-10,M01,U006,,0.0,97.21,False
2025-05-11,M01,U006,,0.0,77.77,True
2025-05-12,M01,U006,,0.0,97.21,False
2025-05-13,M01,U006,,167.0,97.21,False
2025-05-14,M01,U006,,0.0,77.77,True
2025-05-15,M01,U006,,0.0,97.21,False
2025-05-16,M01,U006,,0.0,97.21,False
2025-05-17,M01,U006,,0.0,97.21,False
2025-05-18,M01,U006,,0.0,97.21,False
2025-05-19,M01,U006,,178.0,97.21,False
2025-05-20,M01,U006,,0.0,97.21,False
2025-05-07,M01,U007,0.0,0.0,150.45,False
2025-05-08,M01,U007,,0.0,150.45,False
2025-05-09,M01,U007,,0.0,150.45,False
2025-05-10,M01,U007,,0.0,150.45,False
2025-05-11,M01,U007,,120.0,150.45,False
2025-05-12,M01,U007,,0.0,150.45,False
2025-05-13,M01,U007,,0.0,150.45,False
2025-05-14,M01,U007,,0.0,150.45,False
2025-05-15,M01,U007,,0.0,150.45,False
2025-05-16,M01,U007,,108.0,150.45,False
2025-05-17,M01,U007,,0.0,150.45,False
2025-05-18,M01,U007,,0.0,150.45,False
2025-05-19,M01,U007,,0.0,150.45,False
2025-05-20,M01,U007,,0.0,150.45,False
2025-05-07,M01,U008,61.0,0.0,111.37,False
2025-05-08,M01,U008,,0.0,111.37,False
2025-05-09,M01,U008,,39.0,111.37,False
2025-05-10,M01,U008,,0.0,111.37,False
2025-05-11,M01,U008,,0.0,111.37,False
2025-05-12,M01,U008,,0.0,94.66,True
2025-05-13,M01,U008,,59.0,111.37,False
2025-05-14,M01,U008,,0.0,111.37,False
2025-05-15,M01,U008,,0.0,111.37,False
2025-05-16,M01,U008,,0.0,111.37,False
2025-05-17,M01,U008,,71.0,111.37,False
2025-05-18,M01,U008,,0.0,100.23,True
2025-05-19,M01,U008,,0.0,111.37,False
2025-05-20,M01,U008,,0.0,111.37,False
2025-05-07,M01,U009,31.0,0.0,106.43,True
2025-05-08,M01,U009,,0.0,133.04,False
2025-05-09,M01,U009,,0.0,133.04,False
2025-05-10,M01,U009,,0.0,133.04,False
2025-05-11,M01,U009,,42.0,133.04,False
2025-05-12,M01,U009,,0.0,133.04,False
2025-05-13,M01,U009,,0.0,133.04,False
2025-05-14,M01,U009,,0.0,133.04,False
2025-05-15,M01,U009,,0.0,133.04,False
2025-05-16,M01,U009,,0.0,133.04,False
2025-05-17,M01,U009,,0.0,133.04,False
2025-05-18,M01,U009,,0.0,133.04,False
2025-05-19,M01,U009,,0.0,133.04,False
2025-05-20,M01,U009,,0.0,113.08,True
2025-05-07,M01,U010,0.0,121.0,186.29,False
2025-05-08,M01,U010,,0.0,186.29,False
2025-05-09,M01,U010,,0.0,186.29,False
2025-05-10,M01,U010,,0.0,186.29,False
2025-05-11,M01,U010,,0.0,186.29,False
2025-05-12,M01,U010,,0.0,186.29,False
2025-05-13,M01,U010,,0.0,158.35,True
2025-05-14,M01,U010,,120.0,167.66,True
2025-05-15,M01,U010,,0.0,186.29,False
2025-05-16,M01,U010,,0.0,186.29,False
2025-05-17,M01,U010,,0.0,158.35,True
2025-05-18,M01,U010,,0.0,186.29,False
2025-05-19,M01,U010,,0.0,186.29,False
2025-05-20,M01,U010,,0.0,186.29,False
2025-05-07,M01,U011,0.0,91.0,172.73,False
2025-05-08,M01,U011,,0.0,172.73,False
2025-05-09,M01,U011,,0.0,172.73,False
2025-05-10,M01,U011,,0.0,172.73,False
2025-05-11,M01,U011,,0.0,172.73,False
2025-05-12,M01,U011,,0.0,172.73,False
2025-05-13,M01,U011,,0.0,172.73,False
2025-05-14,M01,U011,,82.0,172.73,False
2025-05-15,M01,U011,,0.0,172.73,False
2025-05-16,M01,U011,,0.0,172.73,False
2025-05-17,M01,U011,,0.0,155.46,True
2025-05-18,M01,U011,,0.0,172.73,False
2025-05-19,M01,U011,,0.0,172.73,False
2025-05-20,M01,U011,,0.0,172.73,False
2025-05-07,M01,U012,0.0,161.0,214.19,False
2025-05-08,M01,U012,,0.0,192.77,True
2025-05-09,M01,U012,,0.0,214.19,False
2025-05-10,M01,U012,,0.0,214.19,False
2025-05-11,M01,U012,,0.0,214.19,False
2025-05-12,M01,U012,,0.0,214.19,False
2025-05-13,M01,U012,,174.0,214.19,False
2025-05-14,M01,U012,,0.0,214.19,False
2025-05-15,M01,U012,,0.0,214.19,False
2025-05-16,M01,U012,,0.0,214.19,False
2025-05-17,M01,U012,,0.0,214.19,False
2025-05-18,M01,U012,,0.0,214.19,False
2025-05-19,M01,U012,,186.0,214.19,False
2025-05-20,M01,U012,,0.0,214.19,False
2025-05-07,M01,U013,0.0,0.0,176.68,False
2025-05-08,M01,U013,,0.0,176.68,False
2025-05-09,M01,U013,,0.0,176.68,False
2025-05-10,M01,U013,,0.0,176.68,False
2025-05-11,M01,U013,,0.0,176.68,False
2025-05-12,M01,U013,,0.0,176.68,False
2025-05-13,M01,U013,,78.0,176.68,False
2025-05-14,M01,U013,,0.0,176.68,False
2025-05-15,M01,U013,,0.0,176.68,False
2025-05-16,M01,U013,,0.0,176.68,False
2025-05-17,M01,U013,,51.0,176.68,False
2025-05-18,M01,U013,,0.0,176.68,False
2025-05-19,M01,U013,,0.0,159.01,True
2025-05-20,M01,U013,,0.0,159.01,True
2025-05-07,M01,U014,0.0,43.0,115.91,False
2025-05-08,M01,U014,,0.0,115.91,False
2025-05-09,M01,U014,,0.0,115.91,False
2025-05-10,M01,U014,,0.0,115.91,False
2025-05-11,M01,U014,,0.0,115.91,False
2025-05-12,M01,U014,,0.0,115.91,False
2025-05-13,M01,U014,,37.0,115.91,False
2025-05-14,M01,U014,,0.0,115.91,False
2025-05-15,M01,U014,,0.0,115.91,False
2025-05-16,M01,U014,,0.0,115.91,False
2025-05-17,M01,U014,,0.0,104.32,True
2025-05-18,M01,U014,,0.0,104.32,True
2025-05-19,M01,U014,,41.0,115.91,False
2025-05-20,M01,U014,,0.0,115.91,False
2025-05-07,M01,U015,118.0,0.0,43.99,True
2025-05-08,M01,U015,,0.0,54.99,False
2025-05-09,M01,U015,,0.0,54.99,False
2025-05-10,M01,U015,,0.0,54.99,False
2025-05-11,M01,U015,,134.0,54.99,False
2025-05-12,M01,U015,,0.0,49.49,True
2025-05-13,M01,U015,,0.0,54.99,False
2025-05-14,M01,U015,,0.0,54.99,False
2025-05-15,M01,U015,,0.0,54.99,False
2025-05-16,M01,U015,,134.0,54.99,False
2025-05-17,M01,U015,,0.0,54.99,False
2025-05-18,M01,U015,,0.0,54.99,False
2025-05-19,M01,U015,,0.0,54.99,False
2025-05-20,M01,U015,,0.0,54.99,False
2025-05-07,M01,U016,130.0,0.0,170.13,False
2025-05-08,M01,U016,,0.0,170.13,False
2025-05-09,M01,U016,,0.0,170.13,False
2025-05-10,M01,U016,,0.0,170.13,False
2025-05-11,M01,U016,,175.0,153.12,True
2025-05-12,M01,U016,,0.0,144.61,True
2025-05-13,M01,U016,,0.0,170.13,False
2025-05-14,M01,U016,,0.0,170.13,False
2025-05-15,M01,U016,,0.0,153.12,True
2025-05-16,M01,U016,,191.0,170.13,False
2025-05-17,M01,U016,,0.0,170.13,False
2025-05-18,M01,U016,,0.0,153.12,True
2025-05-19,M01,U016,,0.0,170.13,False
2025-05-20,M01,U016,,0.0,170.13,False
2025-05-07,M01,U017,0.0,96.0,88.44,False
2025-05-08,M01,U017,,0.0,88.44,False
2025-05-09,M01,U017,,0.0,88.44,False
2025-05-10,M01,U017,,0.0,88.44,False
2025-05-11,M01,U017,,0.0,88.44,False
2025-05-12,M01,U017,,0.0,88.44,False
2025-05-13,M01,U017,,0.0,88.44,False
2025-05-14,M01,U017,,96.0,88.44,False
2025-05-15,M01,U017,,0.0,88.44,False
2025-05-16,M01,U017,,0.0,88.44,False
2025-05-17,M01,U017,,0.0,88.44,False
2025-05-18,M01,U017,,0.0,88.44,False
2025-05-19,M01,U017,,0.0,88.44,False
2025-05-20,M01,U017,,0.0,88.44,False
2025-05-07,M01,U018,0.0,60.0,116.46,False
2025-05-08,M01,U018,,0.0,116.46,False
2025-05-09,M01,U018,,0.0,116.46,False
2025-05-10,M01,U018,,0.0,116.46,False
2025-05-11,M01,U018,,0.0,116.46,False
2025-05-12,M01,U018,,0.0,116.46,False
2025-05-13,M01,U018,,0.0,116.46,False
2025-05-14,M01,U018,,57.0,116.46,False
2025-05-15,M01,U018,,0.0,116.46,False
2025-05-16,M01,U018,,0.0,116.46,False
2025-05-17,M01,U018,,0.0,116.46,False
2025-05-18,M01,U018,,0.0,116.46,False
2025-05-19,M01,U018,,0.0,116.46,False
2025-05-20,M01,U018,,0.0,116.46,False
2025-05-07,M02,U001,0.0,0.0,149.45,True
2025-05-08,M02,U001,,0.0,175.82,False
2025-05-09,M02,U001,,0.0,175.82,False
2025-05-10,M02,U001,,0.0,175.82,False
2025-05-11,M02,U001,,0.0,175.82,False
2025-05-12,M02,U001,,0.0,175.82,False
2025-05-13,M02,U001,,0.0,175.82,False
2025-05-14,M02,U001,,119.0,175.82,False
2025-05-15,M02,U001,,0.0,175.82,False
2025-05-16,M02,U001,,0.0,175.82,False
2025-05-17,M02,U001,,0.0,175.82,False
2025-05-18,M02,U001,,0.0,175.82,False
2025-05-19,M02,U001,,0.0,175.82,False
2025-05-20,M02,U001,,0.0,175.82,False
2025-05-07,M02,U002,0.0,137.0,192.33,False
2025-05-08,M02,U002,,0.0,192.33,False
2025-05-09,M02,U002,,0.0,192.33,False
2025-05-10,M02,U002,,0.0,192.33,False
2025-05-11,M02,U002,,0.0,192.33,False
2025-05-12,M02,U002,,0.0,192.33,False
2025-05-13,M02,U002,,0.0,192.33,False
2025-05-14,M02,U002,,132.0,192.33,False
2025-05-15,M02,U002,,0.0,192.33,False
2025-05-16,M02,U002,,0.0,192.33,False
2025-05-17,M02,U002,,0.0,192.33,False
2025-05-18,M02,U002,,0.0,192.33,False
2025-05-19,M02,U002,,0.0,192.33,False
2025-05-20,M02,U002,,0.0,173.1,True
2025-05-07,M02,U003,0.0,0.0,43.26,False
2025-05-08,M02,U003,,0.0,38.93,True
2025-05-09,M02,U003,,0.0,43.26,False
2025-05-10,M02,U003,,0.0,43.26,False
2025-05-11,M02,U003,,0.0,43.26,False
2025-05-12,M02,U003,,0.0,43.26,False
2025-05-13,M02,U003,,0.0,43.26,False
2025-05-14,M02,U003,,216.0,43.26,False
2025-05-15,M02,U003,,0.0,43.26,False
2025-05-16,M02,U003,,0.0,43.26,False
2025-05-17,M02,U003,,0.0,43.26,False
2025-05-18,M02,U003,,0.0,43.26,False
2025-05-19,M02,U003,,0.0,43.26,False
2025-05-20,M02,U003,,0.0,43.26,False
2025-05-07,M02,U004,68.0,0.0,173.32,False
2025-05-08,M02,U004,,0.0,173.32,False
2025-05-09,M02,U004,,140.0,173.32,False
2025-05-10,M02,U004,,0.0,173.32,False
2025-05-11,M02,U004,,0.0,173.32,False
2025-05-12,M02,U004,,0.0,173.32,False
2025-05-13,M02,U004,,130.0,173.32,False
2025-05-14,M02,U004,,0.0,173.32,False
2025-05-15,M02,U004,,0.0,173.32,False
2025-05-16,M02,U004,,0.0,173.32,False
2025-05-17,M02,U004,,132.0,173.32,False
2025-05-18,M02,U004,,0.0,173.32,False
2025-05-19,M02,U004,,0.0,173.32,False
2025-05-20,M02,U004,,0.0,173.32,False
2025-05-07,M02,U005,0.0,79.0,49.88,False
2025-05-08,M02,U005,,0.0,49.88,False
2025-05-09,M02,U005,,0.0,49.88,False
2025-05-10,M02,U005,,0.0,49.88,False
2025-05-11,M02,U005,,0.0,49.88,False
2025-05-12,M02,U005,,0.0,49.88,False
2025-05-13,M02,U005,,0.0,49.88,False
2025-05-14,M02,U005,,81.0,49.88,False
2025-05-15,M02,U005,,0.0,49.88,False
2025-05-16,M02,U005,,0.0,49.88,False
2025-05-17,M02,U005,,0.0,49.88,False
2025-05-18,M02,U005,,0.0,49.88,False
2025-05-19,M02,U005,,0.0,42.4,True
2025-05-20,M02,U005,,0.0,49.88,False
2025-05-07,M02,U006,102.0,0.0,97.21,False
2025-05-08,M02,U006,,0.0,97.21,False
2025-05-09,M02,U006,,116.0,97.21,False
2025-05-10,M02,U006,,0.0,97.21,False
2025-05-11,M02,U006,,0.0,97.21,False
2025-05-12,M02,U006,,0.0,97.21,False
2025-05-13,M02,U006,,0.0,97.21,False
2025-05-14,M02,U006,,0.0,97.21,False
2025-05-15,M02,U006,,0.0,97.21,False
2025-05-16,M02,U006,,0.0,97.21,False
2025-05-17,M02,U006,,161.0,82.63,True
2025-05-18,M02,U006,,0.0,97.21,False
2025-05-19,M02,U006,,0.0,97.21,False
2025-05-20,M02,U006,,0.0,97.21,False
2025-05-07,M02,U007,168.0,0.0,150.45,False
2025-05-08,M02,U007,,0.0,150.45,False
2025-05-09,M02,U007,,0.0,150.45,False
2025-05-10,M02,U007,,0.0,150.45,False
2025-05-11,M02,U007,,147.0,150.45,False
2025-05-12,M02,U007,,0.0,150.45,False
2025-05-13,M02,U007,,0.0,150.45,False
2025-05-14,M02,U007,,0.0,150.45,False
2025-05-15,M02,U007,,0.0,150.45,False
2025-05-16,M02,U007,,190.0,150.45,False
2025-05-17,M02,U007,,0.0,150.45,False
2025-05-18,M02,U007,,0.0,127.88,True
2025-05-19,M02,U007,,0.0,150.45,False
2025-05-20,M02,U007,,0.0,150.45,False
2025-05-07,M02,U008,0.0,74.0,111.37,False
2025-05-08,M02,U008,,0.0,111.37,False
2025-05-09,M02,U008,,0.0,111.37,False
2025-05-10,M02,U008,,0.0,111.37,False
2025-05-11,M02,U008,,0.0,111.37,False
2025-05-12,M02,U008,,0.0,111.37,False
2025-05-13,M02,U008,,74.0,111.37,False
2025-05-14,M02,U008,,0.0,111.37,False
2025-05-15,M02,U008,,0.0,111.37,False
2025-05-16,M02,U008,,0.0,111.37,False
2025-05-17,M02,U008,,0.0,111.37,False
2025-05-18,M02,U008,,0.0,111.37,False
2025-05-19,M02,U008,,67.0,111.37,False
2025-05-20,M02,U008,,0.0,111.37,False
2025-05-07,M02,U009,0.0,0.0,133.04,False
2025-05-08,M02,U009,,0.0,133.04,False
2025-05-09,M02,U009,,0.0,133.04,False
2025-05-10,M02,U009,,0.0,133.04,False
2025-05-11,M02,U009,,0.0,133.04,False
2025-05-12,M02,U009,,0.0,133.04,False
2025-05-13,M02,U009,,0.0,133.04,False
2025-05-14,M02,U009,,43.0,133.04,False
2025-05-15,M02,U009,,0.0,133.04,False
2025-05-16,M02,U009,,0.0,133.04,False
2025-05-17,M02,U009,,0.0,133.04,False
2025-05-18,M02,U009,,0.0,133.04,False
2025-05-19,M02,U009,,0.0,133.04,False
2025-05-20,M02,U009,,0.0,133.04,False
2025-05-07,M02,U010,0.0,180.0,186.29,False
2025-05-08,M02,U010,,0.0,186.29,False
2025-05-09,M02,U010,,0.0,186.29,False
2025-05-10,M02,U010,,0.0,186.29,False
2025-05-11,M02,U010,,0.0,186.29,False
2025-05-12,M02,U010,,0.0,186.29,False
2025-05-13,M02,U010,,162.0,186.29,False
2025-05-14,M02,U010,,0.0,158.35,True
2025-05-15,M02,U010,,0.0,186.29,False
2025-05-16,M02,U010,,0.0,186.29,False
2025-05-17,M02,U010,,0.0,186.29,False
2025-05-18,M02,U010,,0.0,186.29,False
2025-05-19,M02,U010,,159.0,186.29,False
2025-05-20,M02,U010,,0.0,186.29,False
2025-05-07,M02,U011,0.0,86.0,172.73,False
2025-05-08,M02,U011,,0.0,172.73,False
2025-05-09,M02,U011,,0.0,172.73,False
2025-05-10,M02,U011,,0.0,172.73,False
2025-05-11,M02,U011,,0.0,172.73,False
2025-05-12,M02,U011,,0.0,172.73,False
2025-05-13,M02,U011,,103.0,172.73,False
2025-05-14,M02,U011,,0.0,172.73,False
2025-05-15,M02,U011,,0.0,172.73,False
2025-05-16,M02,U011,,0.0,172.73,False
2025-05-17,M02,U011,,0.0,172.73,False
2025-05-18,M02,U011,,0.0,172.73,False
2025-05-19,M02,U011,,86.0,172.73,False
2025-05-20,M02,U011,,0.0,172.73,False
2025-05-07,M02,U012,146.0,0.0,214.19,False
2025-05-08,M02,U012,,0.0,214.19,False
2025-05-09,M02,U012,,0.0,171.35,True
2025-05-10,M02,U012,,0.0,214.19,False
2025-05-11,M02,U012,,198.0,214.19,False
2025-05-12,M02,U012,,0.0,214.19,False
2025-05-13,M02,U012,,0.0,214.19,False
2025-05-14,M02,U012,,0.0,214.19,False
2025-05-15,M02,U012,,0.0,214.19,False
2025-05-16,M02,U012,,168.0,214.19,False
2025-05-17,M02,U012,,0.0,214.19,False
2025-05-18,M02,U012,,0.0,214.19,False
2025-05-19,M02,U012,,0.0,214.19,False
2025-05-20,M02,U012,,0.0,214.19,False
2025-05-07,M02,U013,52.0,0.0,176.68,False
2025-05-08,M02,U013,,0.0,176.68,False
2025-05-09,M02,U013,,67.0,176.68,False
2025-05-10,M02,U013,,0.0,176.68,False
2025-05-11,M02,U013,,0.0,176.68,False
2025-05-12,M02,U013,,0.0,159.01,True
2025-05-13,M02,U013,,71.0,159.01,True
2025-05-14,M02,U013,,0.0,176.68,False
2025-05-15,M02,U013,,0.0,176.68,False
2025-05-16,M02,U013,,0.0,176.68,False
2025-05-17,M02,U013,,57.0,176.68,False
2025-05-18,M02,U013,,0.0,176.68,False
2025-05-19,M02,U013,,0.0,176.68,False
2025-05-20,M02,U013,,0.0,176.68,False
2025-05-07,M02,U014,23.0,0.0,115.91,False
2025-05-08,M02,U014,,0.0,115.91,False
2025-05-09,M02,U014,,34.0,115.91,False
2025-05-10,M02,U014,,0.0,115.91,False
2025-05-11,M02,U014,,0.0,115.91,False
2025-05-12,M02,U014,,0.0,115.91,False
2025-05-13,M02,U014,,34.0,115.91,False
2025-05-14,M02,U014,,0.0,104.32,True
2025-05-15,M02,U014,,0.0,115.91,False
2025-05-16,M02,U014,,0.0,115.91,False
2025-05-17,M02,U014,,0.0,115.91,False
2025-05-18,M02,U014,,0.0,115.91,False
2025-05-19,M02,U014,,0.0,115.91,False
2025-05-20,M02,U014,,0.0,115.91,False
2025-05-07,M02,U015,91.0,0.0,54.99,False
2025-05-08,M02,U015,,0.0,54.99,False
2025-05-09,M02,U015,,108.0,54.99,False
2025-05-10,M02,U015,,0.0,54.99,False
2025-05-11,M02,U015,,0.0,54.99,False
2025-05-12,M02,U015,,0.0,54.99,False
2025-05-13,M02,U015,,139.0,54.99,False
2025-05-14,M02,U015,,0.0,54.99,False
2025-05-15,M02,U015,,0.0,54.99,False
2025-05-16,M02,U015,,0.0,54.99,False
2025-05-17,M02,U015,,111.0,54.99,False
2025-05-18,M02,U015,,0.0,54.99,False
2025-05-19,M02,U015,,0.0,54.99,False
2025-05-20,M02,U015,,0.0,54.99,False
2025-05-07,M02,U016,0.0,0.0,170.13,False
2025-05-08,M02,U016,,0.0,170.13,False
2025-05-09,M02,U016,,0.0,170.13,False
2025-05-10,M02,U016,,0.0,170.13,False
2025-05-11,M02,U016,,0.0,170.13,False
2025-05-12,M02,U016,,0.0,170.13,False
2025-05-13,M02,U016,,0.0,170.13,False
2025-05-14,M02,U016,,0.0,170.13,False
2025-05-15,M02,U016,,0.0,170.13,False
2025-05-16,M02,U016,,186.0,170.13,False
2025-05-17,M02,U016,,0.0,170.13,False
2025-05-18,M02,U016,,0.0,170.13,False
2025-05-19,M02,U016,,0.0,170.13,False
2025-05-20,M02,U016,,0.0,170.13,False
2025-05-07,M02,U017,0.0,0.0,88.44,False
2025-05-08,M02,U017,,0.0,88.44,False
2025-05-09,M02,U017,,0.0,88.44,False
2025-05-10,M02,U017,,0.0,88.44,False
2025-05-11,M02,U017,,0.0,88.44,False
2025-05-12,M02,U017,,0.0,88.44,False
2025-05-13,M02,U017,,0.0,88.44,False
2025-05-14,M02,U017,,0.0,88.44,False
2025-05-15,M02,U017,,0.0,88.44,False
2025-05-16,M02,U017,,0.0,88.44,False
2025-05-17,M02,U017,,0.0,88.44,False
2025-05-18,M02,U017,,0.0,88.44,False
2025-05-19,M02,U017,,0.0,88.44,False
2025-05-20,M02,U017,,0.0,88.44,False
2025-05-07,M02,U018,0.0,87.0,116.46,False
2025-05-08,M02,U018,,0.0,116.46,False
2025-05-09,M02,U018,,0.0,116.46,False
2025-05-10,M02,U018,,0.0,116.46,False
2025-05-11,M02,U018,,0.0,116.46,False
2025-05-12,M02,U018,,0.0,116.46,False
2025-05-13,M02,U018,,90.0,116.46,False
2025-05-14,M02,U018,,0.0,116.46,False
2025-05-15,M02,U018,,0.0,116.46,False
2025-05-16,M02,U018,,0.0,116.46,False
2025-05-17,M02,U018,,0.0,98.99,True
2025-05-18,M02,U018,,0.0,104.81,True
2025-05-19,M02,U018,,85.0,116.46,False
2025-05-20,M02,U018,,0.0,116.46,False
2025-05-07,M03,U001,0.0,0.0,175.82,False
2025-05-08,M03,U001,,0.0,175.82,False
2025-05-09,M03,U001,,0.0,175.82,False
2025-05-10,M03,U001,,0.0,158.24,True
2025-05-11,M03,U001,,0.0,175.82,False
2025-05-12,M03,U001,,0.0,175.82,False
2025-05-13,M03,U001,,0.0,175.82,False
2025-05-14,M03,U001,,99.0,158.24,True
2025-05-15,M03,U001,,0.0,175.82,False
2025-05-16,M03,U001,,0.0,149.45,True
2025-05-17,M03,U001,,0.0,175.82,False
2025-05-18,M03,U001,,0.0,175.82,False
2025-05-19,M03,U001,,0.0,140.66,True
2025-05-20,M03,U001,,0.0,175.82,False
2025-05-07,M03,U002,125.0,0.0,192.33,False
2025-05-08,M03,U002,,0.0,163.48,True
2025-05-09,M03,U002,,0.0,192.33,False
2025-05-10,M03,U002,,0.0,153.86,True
2025-05-11,M03,U002,,146.0,192.33,False
2025-05-12,M03,U002,,0.0,192.33,False
2025-05-13,M03,U002,,0.0,192.33,False
2025-05-14,M03,U002,,0.0,192.33,False
2025-05-15,M03,U002,,0.0,192.33,False
2025-05-16,M03,U002,,141.0,192.33,False
2025-05-17,M03,U002,,0.0,192.33,False
2025-05-18,M03,U002,,0.0,192.33,False
2025-05-19,M03,U002,,0.0,192.33,False
2025-05-20,M03,U002,,0.0,192.33,False
2025-05-07,M03,U003,0.0,255.0,43.26,False
2025-05-08,M03,U003,,0.0,43.26,False
2025-05-09,M03,U003,,0.0,43.26,False
2025-05-10,M03,U003,,0.0,43.26,False
2025-05-11,M03,U003,,0.0,43.26,False
2025-05-12,M03,U003,,0.0,43.26,False
2025-05-13,M03,U003,,236.0,43.26,False
2025-05-14,M03,U003,,0.0,43.26,False
2025-05-15,M03,U003,,0.0,43.26,False
2025-05-16,M03,U003,,0.0,43.26,False
2025-05-17,M03,U003,,0.0,43.26,False
2025-05-18,M03,U003,,0.0,43.26,False
2025-05-19,M03,U003,,253.0,43.26,False
2025-05-20,M03,U003,,0.0,43.26,False
2025-05-07,M03,U004,0.0,152.0,173.32,False
2025-05-08,M03,U004,,0.0,138.66,True
2025-05-09,M03,U004,,0.0,173.32,False
2025-05-10,M03,U004,,0.0,173.32,False
2025-05-11,M03,U004,,0.0,173.32,False
2025-05-12,M03,U004,,0.0,173.32,False
2025-05-13,M03,U004,,0.0,173.32,False
2025-05-14,M03,U004,,178.0,155.99,True
2025-05-15,M03,U004,,0.0,173.32,False
2025-05-16,M03,U004,,0.0,173.32,False
2025-05-17,M03,U004,,0.0,173.32,False
2025-05-18,M03,U004,,0.0,173.32,False
2025-05-19,M03,U004,,0.0,173.32,False
2025-05-20,M03,U004,,0.0,173.32,False
2025-05-07,M03,U005,0.0,88.0,49.88,False
2025-05-08,M03,U005,,0.0,49.88,False
2025-05-09,M03,U005,,0.0,49.88,False
2025-05-10,M03,U005,,0.0,49.88,False
2025-05-11,M03,U005,,0.0,49.88,False
2025-05-12,M03,U005,,0.0,49.88,False
2025-05-13,M03,U005,,0.0,49.88,False
2025-05-14,M03,U005,,87.0,49.88,False
2025-05-15,M03,U005,,0.0,49.88,False
2025-05-16,M03,U005,,0.0,49.88,False
2025-05-17,M03,U005,,0.0,49.88,False
2025-05-18,M03,U005,,0.0,49.88,False
2025-05-19,M03,U005,,0.0,49.88,False
2025-05-20,M03,U005,,0.0,49.88,False
2025-05-07,M03,U006,82.0,0.0,97.21,False
2025-05-08,M03,U006,,0.0,97.21,False
2025-05-09,M03,U006,,176.0,97.21,False
2025-05-10,M03,U006,,0.0,97.21,False
2025-05-11,M03,U006,,0.0,97.21,False
2025-05-12,M03,U006,,0.0,97.21,False
2025-05-13,M03,U006,,148.0,97.21,False
2025-05-14,M03,U006,,0.0,97.21,False
2025-05-15,M03,U006,,0.0,97.21,False
2025-05-16,M03,U006,,0.0,87.49,True
2025-05-17,M03,U006,,170.0,97.21,False
2025-05-18,M03,U006,,0.0,97.21,False
2025-05-19,M03,U006,,0.0,97.21,False
2025-05-20,M03,U006,,0.0,97.21,False
2025-05-07,M03,U007,163.0,0.0,150.45,False
2025-05-08,M03,U007,,0.0,150.45,False
2025-05-09,M03,U007,,101.0,150.45,False
2025-05-10,M03,U007,,0.0,150.45,False
2025-05-11,M03,U007,,0.0,150.45,False
2025-05-12,M03,U007,,0.0,150.45,False
2025-05-13,M03,U007,,147.0,150.45,False
2025-05-14,M03,U007,,0.0,150.45,False
2025-05-15,M03,U007,,0.0,150.45,False
2025-05-16,M03,U007,,0.0,150.45,False
2025-05-17,M03,U007,,156.0,150.45,False
2025-05-18,M03,U007,,0.0,150.45,False
2025-05-19,M03,U007,,0.0,150.45,False
2025-05-20,M03,U007,,0.0,150.45,False
2025-05-07,M03,U008,2.0,0.0,111.37,False
2025-05-08,M03,U008,,0.0,111.37,False
2025-05-09,M03,U008,,102.0,111.37,False
2025-05-10,M03,U008,,0.0,111.37,False
2025-05-11,M03,U008,,0.0,111.37,False
2025-05-12,M03,U008,,0.0,111.37,False
2025-05-13,M03,U008,,51.0,111.37,False
2025-05-14,M03,U008,,0.0,111.37,False
2025-05-15,M03,U008,,0.0,111.37,False
2025-05-16,M03,U008,,0.0,111.37,False
2025-05-17,M03,U008,,79.0,111.37,False
2025-05-18,M03,U008,,0.0,111.37,False
2025-05-19,M03,U008,,0.0,111.37,False
2025-05-20,M03,U008,,0.0,111.37,False
2025-05-07,M03,U009,49.0,0.0,133.04,False
2025-05-08,M03,U009,,0.0,133.04,False
2025-05-09,M03,U009,,0.0,133.04,False
2025-05-10,M03,U009,,0.0,133.04,False
2025-05-11,M03,U009,,60.0,133.04,False
2025-05-12,M03,U009,,0.0,133.04,False
2025-05-13,M03,U009,,0.0,133.04,False
2025-05-14,M03,U009,,0.0,133.04,False
2025-05-15,M03,U009,,0.0,133.04,False
2025-05-16,M03,U009,,43.0,133.04,False
2025-05-17,M03,U009,,0.0,133.04,False
2025-05-18,M03,U009,,0.0,133.04,False
2025-05-19,M03,U009,,0.0,133.04,False
2025-05-20,M03,U009,,0.0,133.04,False
2025-05-07,M03,U010,95.0,0.0,186.29,False
2025-05-08,M03,U010,,0.0,186.29,False
2025-05-09,M03,U010,,0.0,186.29,False
2025-05-10,M03,U010,,0.0,149.03,True
2025-05-11,M03,U010,,0.0,186.29,False
2025-05-12,M03,U010,,0.0,186.29,False
2025-05-13,M03,U010,,0.0,149.03,True
2025-05-14,M03,U010,,0.0,186.29,False
2025-05-15,M03,U010,,0.0,186.29,False
2025-05-16,M03,U010,,138.0,158.35,True
2025-05-17,M03,U010,,0.0,186.29,False
2025-05-18,M03,U010,,0.0,186.29,False
2025-05-19,M03,U010,,0.0,186.29,False
2025-05-20,M03,U010,,0.0,186.29,False
2025-05-07,M03,U011,17.0,0.0,172.73,False
2025-05-08,M03,U011,,0.0,172.73,False
2025-05-09,M03,U011,,118.0,172.73,False
2025-05-10,M03,U011,,0.0,172.73,False
2025-05-11,M03,U011,,0.0,172.73,False
2025-05-12,M03,U011,,0.0,155.46,True
2025-05-13,M03,U011,,91.0,172.73,False
2025-05-14,M03,U011,,0.0,172.73,False
2025-05-15,M03,U011,,0.0,172.73,False
2025-05-16,M03,U011,,0.0,155.46,True
2025-05-17,M03,U011,,101.0,172.73,False
2025-05-18,M03,U011,,0.0,172.73,False
2025-05-19,M03,U011,,0.0,172.73,False
2025-05-20,M03,U011,,0.0,172.73,False
2025-05-07,M03,U012,0.0,160.0,214.19,False
2025-05-08,M03,U012,,0.0,214.19,False
2025-05-09,M03,U012,,0.0,214.19,False
2025-05-10,M03,U012,,0.0,214.19,False
2025-05-11,M03,U012,,0.0,214.19,False
2025-05-12,M03,U012,,0.0,214.19,False
2025-05-13,M03,U012,,0.0,214.19,False
2025-05-14,M03,U012,,160.0,214.19,False
2025-05-15,M03,U012,,0.0,214.19,False
2025-05-16,M03,U012,,0.0,214.19,False
2025-05-17,M03,U012,,0.0,214.19,False
2025-05-18,M03,U012,,0.0,214.19,False
2025-05-19,M03,U012,,0.0,214.19,False
2025-05-20,M03,U012,,0.0,214.19,False
2025-05-07,M03,U013,56.0,0.0,176.68,False
2025-05-08,M03,U013,,0.0,176.68,False
2025-05-09,M03,U013,,61.0,176.68,False
2025-05-10,M03,U013,,0.0,176.68,False
2025-05-11,M03,U013,,0.0,176.68,False
2025-05-12,M03,U013,,0.0,176.68,False
2025-05-13,M03,U013,,79.0,176.68,False
2025-05-14,M03,U013,,0.0,176.68,False
2025-05-15,M03,U013,,0.0,176.68,False
2025-05-16,M03,U013,,0.0,176.68,False
2025-05-17,M03,U013,,78.0,176.68,False
2025-05-18,M03,U013,,0.0,159.01,True
2025-05-19,M03,U013,,0.0,176.68,False
2025-05-20,M03,U013,,0.0,176.68,False
2025-05-07,M03,U014,0.0,62.0,92.73,True
2025-05-08,M03,U014,,0.0,115.91,False
2025-05-09,M03,U014,,0.0,115.91,False
2025-05-10,M03,U014,,0.0,115.91,False
2025-05-11,M03,U014,,0.0,92.73,True
2025-05-12,M03,U014,,0.0,115.91,False
2025-05-13,M03,U014,,0.0,115.91,False
2025-05-14,M03,U014,,0.0,115.91,False
2025-05-15,M03,U014,,0.0,115.91,False
2025-05-16,M03,U014,,0.0,115.91,False
2025-05-17,M03,U014,,0.0,115.91,False
2025-05-18,M03,U014,,0.0,115.91,False
2025-05-19,M03,U014,,59.0,104.32,True
2025-05-20,M03,U014,,0.0,115.91,False
2025-05-07,M03,U015,22.0,168.0,54.99,False
2025-05-08,M03,U015,,0.0,54.99,False
2025-05-09,M03,U015,,0.0,54.99,False
2025-05-10,M03,U015,,0.0,46.74,True
2025-05-11,M03,U015,,0.0,54.99,False
2025-05-12,M03,U015,,0.0,54.99,False
2025-05-13,M03,U015,,189.0,54.99,False
2025-05-14,M03,U015,,0.0,54.99,False
2025-05-15,M03,U015,,0.0,54.99,False
2025-05-16,M03,U015,,0.0,54.99,False
2025-05-17,M03,U015,,0.0,54.99,False
2025-05-18,M03,U015,,0.0,54.99,False
2025-05-19,M03,U015,,0.0,54.99,False
2025-05-20,M03,U015,,0.0,54.99,False
2025-05-07,M03,U016,186.0,0.0,170.13,False
2025-05-08,M03,U016,,0.0,170.13,False
2025-05-09,M03,U016,,0.0,170.13,False
2025-05-10,M03,U016,,0.0,170.13,False
2025-05-11,M03,U016,,214.0,170.13,False
2025-05-12,M03,U016,,0.0,170.13,False
2025-05-13,M03,U016,,0.0,170.13,False
2025-05-14,M03,U016,,0.0,170.13,False
2025-05-15,M03,U016,,0.0,170.13,False
2025-05-16,M03,U016,,206.0,170.13,False
2025-05-17,M03,U016,,0.0,170.13,False
2025-05-18,M03,U016,,0.0,170.13,False
2025-05-19,M03,U016,,0.0,170.13,False
2025-05-20,M03,U016,,0.0,170.13,False
2025-05-07,M03,U017,0.0,0.0,88.44,False
2025-05-08,M03,U017,,0.0,88.44,False
2025-05-09,M03,U017,,0.0,88.44,False
2025-05-10,M03,U017,,0.0,88.44,False
2025-05-11,M03,U017,,0.0,88.44,False
2025-05-12,M03,U017,,0.0,88.44,False
2025-05-13,M03,U017,,0.0,88.44,False
2025-05-14,M03,U017,,0.0,88.44,False
2025-05-15,M03,U017,,0.0,88.44,False
2025-05-16,M03,U017,,0.0,75.17,True
2025-05-17,M03,U017,,0.0,88.44,False
2025-05-18,M03,U017,,0.0,88.44,False
2025-05-19,M03,U017,,0.0,88.44,False
2025-05-20,M03,U017,,0.0,88.44,False
2025-05-07,M03,U018,0.0,91.0,116.46,False
2025-05-08,M03,U018,,0.0,116.46,False
2025-05-09,M03,U018,,0.0,116.46,False
2025-05-10,M03,U018,,0.0,116.46,False
2025-05-11,M03,U018,,0.0,116.46,False
2025-05-12,M03,U018,,0.0,116.46,False
2025-05-13,M03,U018,,93.0,116.46,False
2025-05-14,M03,U018,,0.0,116.46,False
2025-05-15,M03,U018,,0.0,116.46,False
2025-05-16,M03,U018,,0.0,104.81,True
2025-05-17,M03,U018,,0.0,116.46,False
2025-05-18,M03,U018,,0.0,93.17,True
2025-05-19,M03,U018,,88.0,116.46,False
2025-05-20,M03,U018,,0.0,116.46,False
2025-05-07,M04,U001,89.0,0.0,175.82,False
2025-05-08,M04,U001,,0.0,175.82,False
2025-05-09,M04,U001,,0.0,175.82,False
2025-05-10,M04,U001,,0.0,175.82,False
2025-05-11,M04,U001,,111.0,175.82,False
2025-05-12,M04,U001,,0.0,175.82,False
2025-05-13,M04,U001,,0.0,175.82,False
2025-05-14,M04,U001,,0.0,140.66,True
2025-05-15,M04,U001,,0.0,175.82,False
2025-05-16,M04,U001,,121.0,175.82,False
2025-05-17,M04,U001,,0.0,175.82,False
2025-05-18,M04,U001,,0.0,175.82,False
2025-05-19,M04,U001,,0.0,158.24,True
2025-05-20,M04,U001,,0.0,175.82,False
2025-05-07,M04,U002,133.0,0.0,173.1,True
2025-05-08,M04,U002,,0.0,192.33,False
2025-05-09,M04,U002,,0.0,192.33,False
2025-05-10,M04,U002,,0.0,192.33,False
2025-05-11,M04,U002,,172.0,192.33,False
2025-05-12,M04,U002,,0.0,192.33,False
2025-05-13,M04,U002,,0.0,192.33,False
2025-05-14,M04,U002,,0.0,192.33,False
2025-05-15,M04,U002,,0.0,192.33,False
2025-05-16,M04,U002,,171.0,192.33,False
2025-05-17,M04,U002,,0.0,192.33,False
2025-05-18,M04,U002,,0.0,192.33,False
2025-05-19,M04,U002,,0.0,192.33,False
2025-05-20,M04,U002,,0.0,192.33,False
2025-05-07,M04,U003,0.0,0.0,43.26,False
2025-05-08,M04,U003,,0.0,43.26,False
2025-05-09,M04,U003,,198.0,43.26,False
2025-05-10,M04,U003,,0.0,43.26,False
2025-05-11,M04,U003,,0.0,43.26,False
2025-05-12,M04,U003,,0.0,43.26,False
2025-05-13,M04,U003,,202.0,43.26,False
2025-05-14,M04,U003,,0.0,43.26,False
2025-05-15,M04,U003,,0.0,43.26,False
2025-05-16,M04,U003,,0.0,43.26,False
2025-05-17,M04,U003,,183.0,43.26,False
2025-05-18,M04,U003,,0.0,43.26,False
2025-05-19,M04,U003,,0.0,43.26,False
2025-05-20,M04,U003,,0.0,43.26,False
2025-05-07,M04,U004,0.0,177.0,173.32,False
2025-05-08,M04,U004,,0.0,173.32,False
2025-05-09,M04,U004,,0.0,173.32,False
2025-05-10,M04,U004,,0.0,173.32,False
2025-05-11,M04,U004,,0.0,173.32,False
2025-05-12,M04,U004,,0.0,173.32,False
2025-05-13,M04,U004,,0.0,173.32,False
2025-05-14,M04,U004,,185.0,173.32,False
2025-05-15,M04,U004,,0.0,173.32,False
2025-05-16,M04,U004,,0.0,173.32,False
2025-05-17,M04,U004,,0.0,173.32,False
2025-05-18,M04,U004,,0.0,173.32,False
2025-05-19,M04,U004,,0.0,173.32,False
2025-05-20,M04,U004,,0.0,173.32,False
2025-05-07,M04,U005,0.0,140.0,49.88,False
2025-05-08,M04,U005,,0.0,49.88,False
2025-05-09,M04,U005,,0.0,49.88,False
2025-05-10,M04,U005,,0.0,49.88,False
2025-05-11,M04,U005,,0.0,49.88,False
2025-05-12,M04,U005,,0.0,49.88,False
2025-05-13,M04,U005,,0.0,49.88,False
2025-05-14,M04,U005,,129.0,49.88,False
2025-05-15,M04,U005,,0.0,49.88,False
2025-05-16,M04,U005,,0.0,49.88,False
2025-05-17,M04,U005,,0.0,49.88,False
2025-05-18,M04,U005,,0.0,49.88,False
2025-05-19,M04,U005,,0.0,49.88,False
2025-05-20,M04,U005,,0.0,49.88,False
2025-05-07,M04,U006,152.0,0.0,97.21,False
2025-05-08,M04,U006,,0.0,97.21,False
2025-05-09,M04,U006,,0.0,77.77,True
2025-05-10,M04,U006,,0.0,97.21,False
2025-05-11,M04,U006,,170.0,97.21,False
2025-05-12,M04,U006,,0.0,97.21,False
2025-05-13,M04,U006,,0.0,97.21,False
2025-05-14,M04,U006,,0.0,97.21,False
2025-05-15,M04,U006,,0.0,97.21,False
2025-05-16,M04,U006,,193.0,97.21,False
2025-05-17,M04,U006,,0.0,97.21,False
2025-05-18,M04,U006,,0.0,97.21,False
2025-05-19,M04,U006,,0.0,97.21,False
2025-05-20,M04,U006,,0.0,97.21,False
2025-05-07,M04,U007,0.0,251.0,150.45,False
2025-05-08,M04,U007,,0.0,150.45,False
2025-05-09,M04,U007,,0.0,127.88,True
2025-05-10,M04,U007,,0.0,150.45,False
2025-05-11,M04,U007,,0.0,120.36,True
2025-05-12,M04,U007,,0.0,150.45,False
2025-05-13,M04,U007,,228.0,150.45,False
2025-05-14,M04,U007,,0.0,135.41,True
2025-05-15,M04,U007,,0.0,150.45,False
2025-05-16,M04,U007,,0.0,150.45,False
2025-05-17,M04,U007,,0.0,150.45,False
2025-05-18,M04,U007,,0.0,150.45,False
2025-05-19,M04,U007,,220.0,150.45,False
2025-05-20,M04,U007,,0.0,150.45,False
2025-05-07,M04,U008,0.0,112.0,111.37,False
2025-05-08,M04,U008,,0.0,111.37,False
2025-05-09,M04,U008,,0.0,111.37,False
2025-05-10,M04,U008,,0.0,111.37,False
2025-05-11,M04,U008,,0.0,111.37,False
2025-05-12,M04,U008,,0.0,111.37,False
2025-05-13,M04,U008,,97.0,111.37,False
2025-05-14,M04,U008,,0.0,111.37,False
2025-05-15,M04,U008,,0.0,111.37,False
2025-05-16,M04,U008,,0.0,111.37,False
2025-05-17,M04,U008,,0.0,111.37,False
2025-05-18,M04,U008,,0.0,111.37,False
2025-05-19,M04,U008,,95.0,111.37,False
2025-05-20,M04,U008,,0.0,111.37,False
2025-05-07,M04,U009,0.0,52.0,133.04,False
2025-05-08,M04,U009,,0.0,133.04,False
2025-05-09,M04,U009,,0.0,133.04,False
2025-05-10,M04,U009,,0.0,133.04,False
2025-05-11,M04,U009,,0.0,133.04,False
2025-05-12,M04,U009,,0.0,133.04,False
2025-05-13,M04,U009,,57.0,133.04,False
2025-05-14,M04,U009,,0.0,133.04,False
2025-05-15,M04,U009,,0.0,133.04,False
2025-05-16,M04,U009,,0.0,133.04,False
2025-05-17,M04,U009,,0.0,133.04,False
2025-05-18,M04,U009,,0.0,119.74,True
2025-05-19,M04,U009,,58.0,133.04,False
2025-05-20,M04,U009,,0.0,133.04,False
2025-05-07,M04,U010,155.0,0.0,186.29,False
2025-05-08,M04,U010,,0.0,186.29,False
2025-05-09,M04,U010,,123.0,186.29,False
2025-05-10,M04,U010,,0.0,186.29,False
2025-05-11,M04,U010,,0.0,186.29,False
2025-05-12,M04,U010,,0.0,186.29,False
2025-05-13,M04,U010,,107.0,186.29,False
2025-05-14,M04,U010,,0.0,186.29,False
2025-05-15,M04,U010,,0.0,186.29,False
2025-05-16,M04,U010,,0.0,186.29,False
2025-05-17,M04,U010,,138.0,186.29,False
2025-05-18,M04,U010,,0.0,186.29,False
2025-05-19,M04,U010,,0.0,186.29,False
2025-05-20,M04,U010,,0.0,186.29,False
2025-05-07,M04,U011,85.0,0.0,172.73,False
2025-05-08,M04,U011,,0.0,172.73,False
2025-05-09,M04,U011,,0.0,172.73,False
2025-05-10,M04,U011,,0.0,172.73,False
2025-05-11,M04,U011,,115.0,172.73,False
2025-05-12,M04,U011,,0.0,172.73,False
2025-05-13,M04,U011,,0.0,172.73,False
2025-05-14,M04,U011,,0.0,172.73,False
2025-05-15,M04,U011,,0.0,172.73,False
2025-05-16,M04,U011,,114.0,146.82,True
2025-05-17,M04,U011,,0.0,172.73,False
2025-05-18,M04,U011,,0.0,172.73,False
2025-05-19,M04,U011,,0.0,172.73,False
2025-05-20,M04,U011,,0.0,172.73,False
2025-05-07,M04,U012,126.0,0.0,214.19,False
2025-05-08,M04,U012,,0.0,214.19,False
2025-05-09,M04,U012,,0.0,214.19,False
2025-05-10,M04,U012,,0.0,214.19,False
2025-05-11,M04,U012,,151.0,214.19,False
2025-05-12,M04,U012,,0.0,214.19,False
2025-05-13,M04,U012,,0.0,192.77,True
2025-05-14,M04,U012,,0.0,214.19,False
2025-05-15,M04,U012,,0.0,214.19,False
2025-05-16,M04,U012,,171.0,214.19,False
2025-05-17,M04,U012,,0.0,214.19,False
2025-05-18,M04,U012,,0.0,214.19,False
2025-05-19,M04,U012,,0.0,214.19,False
2025-05-20,M04,U012,,0.0,214.19,False
2025-05-07,M04,U013,0.0,71.0,176.68,False
2025-05-08,M04,U013,,0.0,176.68,False
2025-05-09,M04,U013,,0.0,176.68,False
2025-05-10,M04,U013,,0.0,176.68,False
2025-05-11,M04,U013,,0.0,176.68,False
2025-05-12,M04,U013,,0.0,176.68,False
2025-05-13,M04,U013,,0.0,176.68,False
2025-05-14,M04,U013,,81.0,176.68,False
2025-05-15,M04,U013,,0.0,176.68,False
2025-05-16,M04,U013,,0.0,176.68,False
2025-05-17,M04,U013,,0.0,176.68,False
2025-05-18,M04,U013,,0.0,176.68,False
2025-05-19,M04,U013,,0.0,176.68,False
2025-05-20,M04,U013,,0.0,176.68,False
2025-05-07,M04,U014,0.0,37.0,115.91,False
2025-05-08,M04,U014,,0.0,115.91,False
2025-05-09,M04,U014,,0.0,115.91,False
2025-05-10,M04,U014,,0.0,115.91,False
2025-05-11,M04,U014,,0.0,115.91,False
2025-05-12,M04,U014,,0.0,115.91,False
2025-05-13,M04,U014,,39.0,115.91,False
2025-05-14,M04,U014,,0.0,98.52,True
2025-05-15,M04,U014,,0.0,115.91,False
2025-05-16,M04,U014,,0.0,115.91,False
2025-05-17,M04,U014,,0.0,115.91,False
2025-05-18,M04,U014,,0.0,115.91,False
2025-05-19,M04,U014,,0.0,115.91,False
2025-05-20,M04,U014,,0.0,115.91,False
2025-05-07,M04,U015,0.0,0.0,54.99,False
2025-05-08,M04,U015,,0.0,54.99,False
2025-05-09,M04,U015,,0.0,54.99,False
2025-05-10,M04,U015,,0.0,54.99,False
2025-05-11,M04,U015,,161.0,54.99,False
2025-05-12,M04,U015,,0.0,54.99,False
2025-05-13,M04,U015,,0.0,54.99,False
2025-05-14,M04,U015,,0.0,54.99,False
2025-05-15,M04,U015,,0.0,54.99,False
2025-05-16,M04,U015,,160.0,54.99,False
2025-05-17,M04,U015,,0.0,54.99,False
2025-05-18,M04,U015,,0.0,54.99,False
2025-05-19,M04,U015,,0.0,54.99,False
2025-05-20,M04,U015,,0.0,54.99,False
2025-05-07,M04,U016,176.0,0.0,170.13,False
2025-05-08,M04,U016,,0.0,170.13,False
2025-05-09,M04,U016,,146.0,170.13,False
2025-05-10,M04,U016,,0.0,170.13,False
2025-05-11,M04,U016,,0.0,170.13,False
2025-05-12,M04,U016,,0.0,170.13,False
2025-05-13,M04,U016,,0.0,170.13,False
2025-05-14,M04,U016,,0.0,170.13,False
2025-05-15,M04,U016,,0.0,170.13,False
2025-05-16,M04,U016,,0.0,170.13,False
2025-05-17,M04,U016,,215.0,170.13,False
2025-05-18,M04,U016,,0.0,170.13,False
2025-05-19,M04,U016,,0.0,153.12,True
2025-05-20,M04,U016,,0.0,170.13,False
2025-05-07,M04,U017,0.0,120.0,88.44,False
2025-05-08,M04,U017,,0.0,88.44,False
2025-05-09,M04,U017,,0.0,88.44,False
2025-05-10,M04,U017,,0.0,88.44,False
2025-05-11,M04,U017,,0.0,88.44,False
2025-05-12,M04,U017,,0.0,88.44,False
2025-05-13,M04,U017,,0.0,88.44,False
2025-05-14,M04,U017,,137.0,88.44,False
2025-05-15,M04,U017,,0.0,88.44,False
2025-05-16,M04,U017,,0.0,88.44,False
2025-05-17,M04,U017,,0.0,88.44,False
2025-05-18,M04,U017,,0.0,88.44,False
2025-05-19,M04,U017,,0.0,88.44,False
2025-05-20,M04,U017,,0.0,75.17,True
2025-05-07,M04,U018,14.0,0.0,116.46,False
2025-05-08,M04,U018,,0.0,116.46,False
2025-05-09,M04,U018,,0.0,116.46,False
2025-05-10,M04,U018,,0.0,116.46,False
2025-05-11,M04,U018,,0.0,116.46,False
2025-05-12,M04,U018,,0.0,116.46,False
2025-05-13,M04,U018,,94.0,116.46,False
2025-05-14,M04,U018,,0.0,116.46,False
2025-05-15,M04,U018,,0.0,116.46,False
2025-05-16,M04,U018,,0.0,116.46,False
2025-05-17,M04,U018,,0.0,116.46,False
2025-05-18,M04,U018,,0.0,104.81,True
2025-05-19,M04,U018,,93.0,116.46,False
2025-05-20,M04,U018,,0.0,116.46,False
2025-05-07,M05,U001,122.0,0.0,175.82,False
2025-05-08,M05,U001,,0.0,175.82,False
2025-05-09,M05,U001,,94.0,175.82,False
2025-05-10,M05,U001,,0.0,175.82,False
2025-05-11,M05,U001,,0.0,175.82,False
2025-05-12,M05,U001,,0.0,175.82,False
2025-05-13,M05,U001,,142.0,175.82,False
2025-05-14,M05,U001,,0.0,175.82,False
2025-05-15,M05,U001,,0.0,175.82,False
2025-05-16,M05,U001,,0.0,175.82,False
2025-05-17,M05,U001,,85.0,175.82,False
2025-05-18,M05,U001,,0.0,175.82,False
2025-05-19,M05,U001,,0.0,175.82,False
2025-05-20,M05,U001,,0.0,175.82,False
2025-05-07,M05,U002,0.0,219.0,192.33,False
2025-05-08,M05,U002,,0.0,192.33,False
2025-05-09,M05,U002,,0.0,192.33,False
2025-05-10,M05,U002,,0.0,192.33,False
2025-05-11,M05,U002,,0.0,192.33,False
2025-05-12,M05,U002,,0.0,163.48,True
2025-05-13,M05,U002,,234.0,192.33,False
2025-05-14,M05,U002,,0.0,192.33,False
2025-05-15,M05,U002,,0.0,192.33,False
2025-05-16,M05,U002,,0.0,192.33,False
2025-05-17,M05,U002,,0.0,173.1,True
2025-05-18,M05,U002,,0.0,192.33,False
2025-05-19,M05,U002,,226.0,192.33,False
2025-05-20,M05,U002,,0.0,192.33,False
2025-05-07,M05,U003,0.0,0.0,43.26,False
2025-05-08,M05,U003,,0.0,43.26,False
2025-05-09,M05,U003,,0.0,43.26,False
2025-05-10,M05,U003,,0.0,43.26,False
2025-05-11,M05,U003,,0.0,43.26,False
2025-05-12,M05,U003,,0.0,43.26,False
2025-05-13,M05,U003,,0.0,43.26,False
2025-05-14,M05,U003,,0.0,43.26,False
2025-05-15,M05,U003,,0.0,43.26,False
2025-05-16,M05,U003,,0.0,43.26,False
2025-05-17,M05,U003,,0.0,43.26,False
2025-05-18,M05,U003,,0.0,43.26,False
2025-05-19,M05,U003,,0.0,43.26,False
2025-05-20,M05,U003,,0.0,43.26,False
2025-05-07,M05,U004,195.0,0.0,173.32,False
2025-05-08,M05,U004,,0.0,173.32,False
2025-05-09,M05,U004,,0.0,173.32,False
2025-05-10,M05,U004,,0.0,173.32,False
2025-05-11,M05,U004,,0.0,173.32,False
2025-05-12,M05,U004,,0.0,173.32,False
2025-05-13,M05,U004,,0.0,173.32,False
2025-05-14,M05,U004,,0.0,173.32,False
2025-05-15,M05,U004,,0.0,155.99,True
2025-05-16,M05,U004,,244.0,173.32,False
2025-05-17,M05,U004,,0.0,173.32,False
2025-05-18,M05,U004,,0.0,173.32,False
2025-05-19,M05,U004,,0.0,173.32,False
2025-05-20,M05,U004,,0.0,173.32,False
2025-05-07,M05,U005,0.0,0.0,49.88,False
2025-05-08,M05,U005,,0.0,49.88,False
2025-05-09,M05,U005,,0.0,49.88,False
2025-05-10,M05,U005,,0.0,49.88,False
2025-05-11,M05,U005,,0.0,49.88,False
2025-05-12,M05,U005,,0.0,49.88,False
2025-05-13,M05,U005,,0.0,49.88,False
2025-05-14,M05,U005,,0.0,49.88,False
2025-05-15,M05,U005,,0.0,49.88,False
2025-05-16,M05,U005,,0.0,49.88,False
2025-05-17,M05,U005,,0.0,49.88,False
2025-05-18,M05,U005,,0.0,49.88,False
2025-05-19,M05,U005,,133.0,49.88,False
2025-05-20,M05,U005,,0.0,49.88,False
2025-05-07,M05,U006,0.0,0.0,87.49,True
2025-05-08,M05,U006,,0.0,97.21,False
2025-05-09,M05,U006,,0.0,97.21,False
2025-05-10,M05,U006,,0.0,77.77,True
2025-05-11,M05,U006,,0.0,77.77,True
2025-05-12,M05,U006,,0.0,97.21,False
2025-05-13,M05,U006,,0.0,97.21,False
2025-05-14,M05,U006,,265.0,97.21,False
2025-05-15,M05,U006,,0.0,97.21,False
2025-05-16,M05,U006,,0.0,97.21,False
2025-05-17,M05,U006,,0.0,97.21,False
2025-05-18,M05,U006,,0.0,97.21,False
2025-05-19,M05,U006,,0.0,97.21,False
2025-05-20,M05,U006,,0.0,97.21,False
2025-05-07,M05,U007,0.0,199.0,150.45,False
2025-05-08,M05,U007,,0.0,150.45,False
2025-05-09,M05,U007,,0.0,150.45,False
2025-05-10,M05,U007,,0.0,150.45,False
2025-05-11,M05,U007,,0.0,150.45,False
2025-05-12,M05,U007,,0.0,150.45,False
2025-05-13,M05,U007,,185.0,150.45,False
2025-05-14,M05,U007,,0.0,150.45,False
2025-05-15,M05,U007,,0.0,150.45,False
2025-05-16,M05,U007,,0.0,150.45,False
2025-05-17,M05,U007,,0.0,150.45,False
2025-05-18,M05,U007,,0.0,150.45,False
2025-05-19,M05,U007,,0.0,150.45,False
2025-05-20,M05,U007,,0.0,150.45,False
2025-05-07,M05,U008,66.0,0.0,111.37,False
2025-05-08,M05,U008,,0.0,94.66,True
2025-05-09,M05,U008,,0.0,111.37,False
2025-05-10,M05,U008,,0.0,111.37,False
2025-05-11,M05,U008,,0.0,111.37,False
2025-05-12,M05,U008,,0.0,111.37,False
2025-05-13,M05,U008,,112.0,111.37,False
2025-05-14,M05,U008,,0.0,111.37,False
2025-05-15,M05,U008,,0.0,100.23,True
2025-05-16,M05,U008,,0.0,111.37,False
2025-05-17,M05,U008,,127.0,111.37,False
2025-05-18,M05,U008,,0.0,111.37,False
2025-05-19,M05,U008,,0.0,111.37,False
2025-05-20,M05,U008,,0.0,111.37,False
2025-05-07,M05,U009,0.0,58.0,133.04,False
2025-05-08,M05,U009,,0.0,133.04,False
2025-05-09,M05,U009,,0.0,133.04,False
2025-05-10,M05,U009,,0.0,133.04,False
2025-05-11,M05,U009,,0.0,133.04,False
2025-05-12,M05,U009,,0.0,133.04,False
2025-05-13,M05,U009,,58.0,133.04,False
2025-05-14,M05,U009,,0.0,133.04,False
2025-05-15,M05,U009,,0.0,133.04,False
2025-05-16,M05,U009,,0.0,133.04,False
2025-05-17,M05,U009,,0.0,133.04,False
2025-05-18,M05,U009,,0.0,106.43,True
2025-05-19,M05,U009,,54.0,133.04,False
2025-05-20,M05,U009,,0.0,133.04,False
2025-05-07,M05,U010,101.0,0.0,186.29,False
2025-05-08,M05,U010,,0.0,186.29,False
2025-05-09,M05,U010,,0.0,186.29,False
2025-05-10,M05,U010,,0.0,167.66,True
2025-05-11,M05,U010,,0.0,186.29,False
2025-05-12,M05,U010,,0.0,186.29,False
2025-05-13,M05,U010,,0.0,158.35,True
2025-05-14,M05,U010,,0.0,186.29,False
2025-05-15,M05,U010,,0.0,158.35,True
2025-05-16,M05,U010,,122.0,186.29,False
2025-05-17,M05,U010,,0.0,167.66,True
2025-05-18,M05,U010,,0.0,186.29,False
2025-05-19,M05,U010,,0.0,186.29,False
2025-05-20,M05,U010,,0.0,186.29,False
2025-05-07,M05,U011,0.0,107.0,172.73,False
2025-05-08,M05,U011,,0.0,172.73,False
2025-05-09,M05,U011,,0.0,172.73,False
2025-05-10,M05,U011,,0.0,172.73,False
2025-05-11,M05,U011,,0.0,172.73,False
2025-05-12,M05,U011,,0.0,172.73,False
2025-05-13,M05,U011,,0.0,172.73,False
2025-05-14,M05,U011,,123.0,172.73,False
2025-05-15,M05,U011,,0.0,172.73,False
2025-05-16,M05,U011,,0.0,172.73,False
2025-05-17,M05,U011,,0.0,172.73,False
2025-05-18,M05,U011,,0.0,172.73,False
2025-05-19,M05,U011,,0.0,172.73,False
2025-05-20,M05,U011,,0.0,172.73,False
2025-05-07,M05,U012,95.0,0.0,214.19,False
2025-05-08,M05,U012,,0.0,214.19,False
2025-05-09,M05,U012,,203.0,192.77,True
2025-05-10,M05,U012,,0.0,214.19,False
2025-05-11,M05,U012,,0.0,214.19,False
2025-05-12,M05,U012,,0.0,214.19,False
2025-05-13,M05,U012,,202.0,214.19,False
2025-05-14,M05,U012,,0.0,214.19,False
2025-05-15,M05,U012,,0.0,214.19,False
2025-05-16,M05,U012,,0.0,214.19,False
2025-05-17,M05,U012,,185.0,214.19,False
2025-05-18,M05,U012,,0.0,182.06,True
2025-05-19,M05,U012,,0.0,214.19,False
2025-05-20,M05,U012,,0.0,214.19,False
2025-05-07,M05,U013,0.0,103.0,176.68,False
2025-05-08,M05,U013,,0.0,176.68,False
2025-05-09,M05,U013,,0.0,150.18,True
2025-05-10,M05,U013,,0.0,176.68,False
2025-05-11,M05,U013,,0.0,176.68,False
2025-05-12,M05,U013,,0.0,176.68,False
2025-05-13,M05,U013,,0.0,176.68,False
2025-05-14,M05,U013,,0.0,176.68,False
2025-05-15,M05,U013,,0.0,176.68,False
2025-05-16,M05,U013,,0.0,176.68,False
2025-05-17,M05,U013,,0.0,176.68,False
2025-05-18,M05,U013,,0.0,159.01,True
2025-05-19,M05,U013,,103.0,176.68,False
2025-05-20,M05,U013,,0.0,176.68,False
2025-05-07,M05,U014,32.0,0.0,115.91,False
2025-05-08,M05,U014,,0.0,115.91,False
2025-05-09,M05,U014,,0.0,115.91,False
2025-05-10,M05,U014,,0.0,115.91,False
2025-05-11,M05,U014,,46.0,115.91,False
2025-05-12,M05,U014,,0.0,115.91,False
2025-05-13,M05,U014,,0.0,115.91,False
2025-05-14,M05,U014,,0.0,115.91,False
2025-05-15,M05,U014,,0.0,115.91,False
2025-05-16,M05,U014,,44.0,115.91,False
2025-05-17,M05,U014,,0.0,115.91,False
2025-05-18,M05,U014,,0.0,115.91,False
2025-05-19,M05,U014,,0.0,115.91,False
2025-05-20,M05,U014,,0.0,115.91,False
2025-05-07,M05,U015,2.0,0.0,54.99,False
2025-05-08,M05,U015,,0.0,54.99,False
2025-05-09,M05,U015,,0.0,54.99,False
2025-05-10,M05,U015,,0.0,54.99,False
2025-05-11,M05,U015,,0.0,54.99,False
2025-05-12,M05,U015,,0.0,54.99,False
2025-05-13,M05,U015,,205.0,54.99,False
2025-05-14,M05,U015,,0.0,49.49,True
2025-05-15,M05,U015,,0.0,54.99,False
2025-05-16,M05,U015,,0.0,54.99,False
2025-05-17,M05,U015,,0.0,54.99,False
2025-05-18,M05,U015,,0.0,54.99,False
2025-05-19,M05,U015,,233.0,54.99,False
2025-05-20,M05,U015,,0.0,54.99,False
2025-05-07,M05,U016,223.0,0.0,170.13,False
2025-05-08,M05,U016,,0.0,170.13,False
2025-05-09,M05,U016,,0.0,170.13,False
2025-05-10,M05,U016,,0.0,170.13,False
2025-05-11,M05,U016,,0.0,170.13,False
2025-05-12,M05,U016,,0.0,170.13,False
2025-05-13,M05,U016,,0.0,170.13,False
2025-05-14,M05,U016,,0.0,170.13,False
2025-05-15,M05,U016,,0.0,136.1,True
2025-05-16,M05,U016,,235.0,144.61,True
2025-05-17,M05,U016,,0.0,170.13,False
2025-05-18,M05,U016,,0.0,170.13,False
2025-05-19,M05,U016,,0.0,170.13,False
2025-05-20,M05,U016,,0.0,136.1,True
2025-05-07,M05,U017,119.0,0.0,88.44,False
2025-05-08,M05,U017,,0.0,88.44,False
2025-05-09,M05,U017,,0.0,88.44,False
2025-05-10,M05,U017,,0.0,88.44,False
2025-05-11,M05,U017,,0.0,88.44,False
2025-05-12,M05,U017,,0.0,88.44,False
2025-05-13,M05,U017,,0.0,88.44,False
2025-05-14,M05,U017,,0.0,88.44,False
2025-05-15,M05,U017,,0.0,88.44,False
2025-05-16,M05,U017,,143.0,75.17,True
2025-05-17,M05,U017,,0.0,88.44,False
2025-05-18,M05,U017,,0.0,88.44,False
2025-05-19,M05,U017,,0.0,88.44,False
2025-05-20,M05,U017,,0.0,88.44,False
2025-05-07,M05,U018,87.0,0.0,116.46,False
2025-05-08,M05,U018,,0.0,116.46,False
2025-05-09,M05,U018,,0.0,116.46,False
2025-05-10,M05,U018,,0.0,98.99,True
2025-05-11,M05,U018,,98.0,116.46,False
2025-05-12,M05,U018,,0.0,116.46,False
2025-05-13,M05,U018,,0.0,116.46,False
2025-05-14,M05,U018,,0.0,116.46,False
2025-05-15,M05,U018,,0.0,116.46,False
2025-05-16,M05,U018,,83.0,116.46,False
2025-05-17,M05,U018,,0.0,116.46,False
2025-05-18,M05,U018,,0.0,116.46,False
2025-05-19,M05,U018,,0.0,116.46,False
2025-05-20,M05,U018,,0.0,116.46,False
2025-05-07,M06,U001,129.0,0.0,175.82,False
2025-05-08,M06,U001,,0.0,175.82,False
2025-05-09,M06,U001,,102.0,175.82,False
2025-05-10,M06,U001,,0.0,175.82,False
2025-05-11,M06,U001,,0.0,175.82,False
2025-05-12,M06,U001,,0.0,175.82,False
2025-05-13,M06,U001,,110.0,175.82,False
2025-05-14,M06,U001,,0.0,175.82,False
2025-05-15,M06,U001,,0.0,175.82,False
2025-05-16,M06,U001,,0.0,175.82,False
2025-05-17,M06,U001,,130.0,175.82,False
2025-05-18,M06,U001,,0.0,175.82,False
2025-05-19,M06,U001,,0.0,175.82,False
2025-05-20,M06,U001,,0.0,140.66,True
2025-05-07,M06,U002,170.0,0.0,192.33,False
2025-05-08,M06,U002,,0.0,192.33,False
2025-05-09,M06,U002,,0.0,192.33,False
2025-05-10,M06,U002,,0.0,192.33,False
2025-05-11,M06,U002,,193.0,192.33,False
2025-05-12,M06,U002,,0.0,192.33,False
2025-05-13,M06,U002,,0.0,192.33,False
2025-05-14,M06,U002,,0.0,192.33,False
2025-05-15,M06,U002,,0.0,192.33,False
2025-05-16,M06,U002,,180.0,192.33,False
2025-05-17,M06,U002,,0.0,192.33,False
2025-05-18,M06,U002,,0.0,192.33,False
2025-05-19,M06,U002,,0.0,192.33,False
2025-05-20,M06,U002,,0.0,192.33,False
2025-05-07,M06,U003,0.0,257.0,43.26,False
2025-05-08,M06,U003,,0.0,43.26,False
2025-05-09,M06,U003,,0.0,43.26,False
2025-05-10,M06,U003,,0.0,43.26,False
2025-05-11,M06,U003,,0.0,43.26,False
2025-05-12,M06,U003,,0.0,43.26,False
2025-05-13,M06,U003,,0.0,43.26,False
2025-05-14,M06,U003,,241.0,38.93,True
2025-05-15,M06,U003,,0.0,38.93,True
2025-05-16,M06,U003,,0.0,34.61,True
2025-05-17,M06,U003,,0.0,43.26,False
2025-05-18,M06,U003,,0.0,43.26,False
2025-05-19,M06,U003,,0.0,43.26,False
2025-05-20,M06,U003,,0.0,43.26,False
2025-05-07,M06,U004,246.0,0.0,173.32,False
2025-05-08,M06,U004,,0.0,173.32,False
2025-05-09,M06,U004,,0.0,173.32,False
2025-05-10,M06,U004,,0.0,173.32,False
2025-05-11,M06,U004,,222.0,147.32,True
2025-05-12,M06,U004,,0.0,173.32,False
2025-05-13,M06,U004,,0.0,173.32,False
2025-05-14,M06,U004,,0.0,173.32,False
2025-05-15,M06,U004,,0.0,173.32,False
2025-05-16,M06,U004,,251.0,173.32,False
2025-05-17,M06,U004,,0.0,173.32,False
2025-05-18,M06,U004,,0.0,173.32,False
2025-05-19,M06,U004,,0.0,173.32,False
2025-05-20,M06,U004,,0.0,173.32,False
2025-05-07,M06,U005,0.0,122.0,49.88,False
2025-05-08,M06,U005,,0.0,49.88,False
2025-05-09,M06,U005,,0.0,49.88,False
2025-05-10,M06,U005,,0.0,49.88,False
2025-05-11,M06,U005,,0.0,49.88,False
2025-05-12,M06,U005,,0.0,49.88,False
2025-05-13,M06,U005,,0.0,49.88,False
2025-05-14,M06,U005,,122.0,49.88,False
2025-05-15,M06,U005,,0.0,49.88,False
2025-05-16,M06,U005,,0.0,49.88,False
2025-05-17,M06,U005,,0.0,49.88,False
2025-05-18,M06,U005,,0.0,49.88,False
2025-05-19,M06,U005,,0.0,49.88,False
2025-05-20,M06,U005,,0.0,42.4,True
2025-05-07,M06,U006,3.0,297.0,97.21,False
2025-05-08,M06,U006,,0.0,97.21,False
2025-05-09,M06,U006,,0.0,97.21,False
2025-05-10,M06,U006,,0.0,97.21,False
2025-05-11,M06,U006,,0.0,97.21,False
2025-05-12,M06,U006,,0.0,97.21,False
2025-05-13,M06,U006,,316.0,97.21,False
2025-05-14,M06,U006,,0.0,97.21,False
2025-05-15,M06,U006,,0.0,97.21,False
2025-05-16,M06,U006,,0.0,97.21,False
2025-05-17,M06,U006,,0.0,97.21,False
2025-05-18,M06,U006,,0.0,97.21,False
2025-05-19,M06,U006,,284.0,97.21,False
2025-05-20,M06,U006,,0.0,97.21,False
2025-05-07,M06,U007,77.0,0.0,150.45,False
2025-05-08,M06,U007,,0.0,150.45,False
2025-05-09,M06,U007,,181.0,150.45,False
2025-05-10,M06,U007,,0.0,150.45,False
2025-05-11,M06,U007,,0.0,150.45,False
2025-05-12,M06,U007,,0.0,150.45,False
2025-05-13,M06,U007,,187.0,150.45,False
2025-05-14,M06,U007,,0.0,150.45,False
2025-05-15,M06,U007,,0.0,150.45,False
2025-05-16,M06,U007,,0.0,150.45,False
2025-05-17,M06,U007,,183.0,150.45,False
2025-05-18,M06,U007,,0.0,150.45,False
2025-05-19,M06,U007,,0.0,150.45,False
2025-05-20,M06,U007,,0.0,150.45,False
2025-05-07,M06,U008,0.0,0.0,111.37,False
2025-05-08,M06,U008,,0.0,111.37,False
2025-05-09,M06,U008,,0.0,111.37,False
2025-05-10,M06,U008,,0.0,111.37,False
2025-05-11,M06,U008,,0.0,111.37,False
2025-05-12,M06,U008,,0.0,111.37,False
2025-05-13,M06,U008,,0.0,111.37,False
2025-05-14,M06,U008,,85.0,111.37,False
2025-05-15,M06,U008,,0.0,111.37,False
2025-05-16,M06,U008,,0.0,111.37,False
2025-05-17,M06,U008,,0.0,111.37,False
2025-05-18,M06,U008,,0.0,111.37,False
2025-05-19,M06,U008,,0.0,111.37,False
2025-05-20,M06,U008,,0.0,111.37,False
2025-05-07,M06,U009,42.0,0.0,133.04,False
2025-05-08,M06,U009,,0.0,133.04,False
2025-05-09,M06,U009,,64.0,133.04,False
2025-05-10,M06,U009,,0.0,133.04,False
2025-05-11,M06,U009,,0.0,133.04,False
2025-05-12,M06,U009,,0.0,133.04,False
2025-05-13,M06,U009,,47.0,133.04,False
2025-05-14,M06,U009,,0.0,133.04,False
2025-05-15,M06,U009,,0.0,133.04,False
2025-05-16,M06,U009,,0.0,133.04,False
2025-05-17,M06,U009,,61.0,133.04,False
2025-05-18,M06,U009,,0.0,133.04,False
2025-05-19,M06,U009,,0.0,133.04,False
2025-05-20,M06,U009,,0.0,106.43,True
2025-05-07,M06,U010,95.0,0.0,186.29,False
2025-05-08,M06,U010,,0.0,186.29,False
2025-05-09,M06,U010,,148.0,186.29,False
2025-05-10,M06,U010,,0.0,186.29,False
2025-05-11,M06,U010,,0.0,186.29,False
2025-05-12,M06,U010,,0.0,186.29,False
2025-05-13,M06,U010,,149.0,186.29,False
2025-05-14,M06,U010,,0.0,186.29,False
2025-05-15,M06,U010,,0.0,186.29,False
2025-05-16,M06,U010,,0.0,186.29,False
2025-05-17,M06,U010,,172.0,186.29,False
2025-05-18,M06,U010,,0.0,186.29,False
2025-05-19,M06,U010,,0.0,186.29,False
2025-05-20,M06,U010,,0.0,186.29,False
2025-05-07,M06,U011,97.0,0.0,172.73,False
2025-05-08,M06,U011,,0.0,138.18,True
2025-05-09,M06,U011,,0.0,172.73,False
2025-05-10,M06,U011,,0.0,172.73,False
2025-05-11,M06,U011,,138.0,172.73,False
2025-05-12,M06,U011,,0.0,172.73,False
2025-05-13,M06,U011,,0.0,138.18,True
2025-05-14,M06,U011,,0.0,155.46,True
2025-05-15,M06,U011,,0.0,172.73,False
2025-05-16,M06,U011,,145.0,172.73,False
2025-05-17,M06,U011,,0.0,172.73,False
2025-05-18,M06,U011,,0.0,172.73,False
2025-05-19,M06,U011,,0.0,172.73,False
2025-05-20,M06,U011,,0.0,172.73,False
2025-05-07,M06,U012,0.0,0.0,214.19,False
2025-05-08,M06,U012,,0.0,214.19,False
2025-05-09,M06,U012,,0.0,214.19,False
2025-05-10,M06,U012,,0.0,214.19,False
2025-05-11,M06,U012,,0.0,214.19,False
2025-05-12,M06,U012,,0.0,214.19,False
2025-05-13,M06,U012,,293.0,214.19,False
2025-05-14,M06,U012,,0.0,214.19,False
2025-05-15,M06,U012,,0.0,171.35,True
2025-05-16,M06,U012,,0.0,214.19,False
2025-05-17,M06,U012,,0.0,214.19,False
2025-05-18,M06,U012,,0.0,214.19,False
2025-05-19,M06,U012,,316.0,214.19,False
2025-05-20,M06,U012,,0.0,214.19,False
2025-05-07,M06,U013,68.0,0.0,176.68,False
2025-05-08,M06,U013,,0.0,176.68,False
2025-05-09,M06,U013,,94.0,176.68,False
2025-05-10,M06,U013,,0.0,150.18,True
2025-05-11,M06,U013,,0.0,176.68,False
2025-05-12,M06,U013,,0.0,176.68,False
2025-05-13,M06,U013,,107.0,141.34,True
2025-05-14,M06,U013,,0.0,176.68,False
2025-05-15,M06,U013,,0.0,176.68,False
2025-05-16,M06,U013,,0.0,176.68,False
2025-05-17,M06,U013,,78.0,176.68,False
2025-05-18,M06,U013,,0.0,176.68,False
2025-05-19,M06,U013,,0.0,176.68,False
2025-05-20,M06,U013,,0.0,176.68,False
2025-05-07,M06,U014,0.0,75.0,115.91,False
2025-05-08,M06,U014,,0.0,115.91,False
2025-05-09,M06,U014,,0.0,115.91,False
2025-05-10,M06,U014,,0.0,115.91,False
2025-05-11,M06,U014,,0.0,115.91,False
2025-05-12,M06,U014,,0.0,115.91,False
2025-05-13,M06,U014,,0.0,115.91,False
2025-05-14,M06,U014,,81.0,115.91,False
2025-05-15,M06,U014,,0.0,115.91,False
2025-05-16,M06,U014,,0.0,115.91,False
2025-05-17,M06,U014,,0.0,115.91,False
2025-05-18,M06,U014,,0.0,115.91,False
2025-05-19,M06,U014,,0.0,115.91,False
2025-05-20,M06,U014,,0.0,115.91,False
2025-05-07,M06,U015,132.0,0.0,54.99,False
2025-05-08,M06,U015,,0.0,54.99,False
2025-05-09,M06,U015,,0.0,49.49,True
2025-05-10,M06,U015,,0.0,54.99,False
2025-05-11,M06,U015,,0.0,54.99,False
2025-05-12,M06,U015,,0.0,54.99,False
2025-05-13,M06,U015,,0.0,54.99,False
2025-05-14,M06,U015,,0.0,54.99,False
2025-05-15,M06,U015,,0.0,54.99,False
2025-05-16,M06,U015,,153.0,54.99,False
2025-05-17,M06,U015,,0.0,54.99,False
2025-05-18,M06,U015,,0.0,54.99,False
2025-05-19,M06,U015,,0.0,54.99,False
2025-05-20,M06,U015,,0.0,54.99,False
2025-05-07,M06,U016,0.0,0.0,170.13,False
2025-05-08,M06,U016,,0.0,170.13,False
2025-05-09,M06,U016,,0.0,136.1,True
2025-05-10,M06,U016,,0.0,170.13,False
2025-05-11,M06,U016,,228.0,170.13,False
2025-05-12,M06,U016,,0.0,170.13,False
2025-05-13,M06,U016,,0.0,170.13,False
2025-05-14,M06,U016,,0.0,170.13,False
2025-05-15,M06,U016,,0.0,170.13,False
2025-05-16,M06,U016,,0.0,170.13,False
2025-05-17,M06,U016,,0.0,170.13,False
2025-05-18,M06,U016,,0.0,170.13,False
2025-05-19,M06,U016,,0.0,170.13,False
2025-05-20,M06,U016,,0.0,170.13,False
2025-05-07,M06,U017,0.0,155.0,75.17,True
2025-05-08,M06,U017,,0.0,88.44,False
2025-05-09,M06,U017,,0.0,88.44,False
2025-05-10,M06,U017,,0.0,88.44,False
2025-05-11,M06,U017,,0.0,88.44,False
2025-05-12,M06,U017,,0.0,88.44,False
2025-05-13,M06,U017,,135.0,88.44,False
2025-05-14,M06,U017,,0.0,88.44,False
2025-05-15,M06,U017,,0.0,88.44,False
2025-05-16,M06,U017,,0.0,88.44,False
2025-05-17,M06,U017,,0.0,88.44,False
2025-05-18,M06,U017,,0.0,88.44,False
2025-05-19,M06,U017,,155.0,88.44,False
2025-05-20,M06,U017,,0.0,88.44,False
2025-05-07,M06,U018,101.0,0.0,116.46,False
2025-05-08,M06,U018,,0.0,116.46,False
2025-05-09,M06,U018,,0.0,116.46,False
2025-05-10,M06,U018,,0.0,116.46,False
2025-05-11,M06,U018,,95.0,116.46,False
2025-05-12,M06,U018,,0.0,116.46,False
2025-05-13,M06,U018,,0.0,98.99,True
2025-05-14,M06,U018,,0.0,116.46,False
2025-05-15,M06,U018,,0.0,116.46,False
2025-05-16,M06,U018,,0.0,116.46,False
2025-05-17,M06,U018,,0.0,116.46,False
2025-05-18,M06,U018,,0.0,116.46,False
2025-05-19,M06,U018,,0.0,116.46,False
2025-05-20,M06,U018,,0.0,116.46,False
